Designator,Val,Package,Mid X,Mid Y,Rotation,Layer
C1,100nF,C_0402_1005Metric,80.2,-135.22,90.0,top
C2,100nF,C_0402_1005Metric,86.7,-135.22,90.0,top
C3,100nF,C_0402_1005Metric,93.2,-135.22,90.0,top
C4,100nF,C_0402_1005Metric,99.7,-135.22,90.0,top
CN1,SM03B-SRSS-TB,JST_SH_SM03B-SRSS-TB_1x03-1MP_P1.00mm_Horizontal,103.725,-137.2,90.0,top
CN2,SM03B-SRSS-TB,JST_SH_SM03B-SRSS-TB_1x03-1MP_P1.00mm_Horizontal,70.7,-137.2,-90.0,top
D1,WS2812B,LED_WS2812B_PLCC4_5.0x5.0mm_P3.2mm,76.95,-137.17,-90.0,top
D2,WS2812B,LED_WS2812B_PLCC4_5.0x5.0mm_P3.2mm,83.45,-137.17,-90.0,top
D3,WS2812B,LED_WS2812B_PLCC4_5.0x5.0mm_P3.2mm,89.95,-137.17,-90.0,top
D4,WS2812B,LED_WS2812B_PLCC4_5.0x5.0mm_P3.2mm,96.45,-137.17,-90.0,top
